Row,Column,Land Type,Population
0,0,Parks,0.0
0,1,Parks,0.0
0,2,Parks,0.0
0,3,Parks,0.0
0,4,Parks,0.0
0,5,Parks,0.0
0,6,Parks,0.0
0,7,Parks,0.0
0,8,Water,0.0
0,9,Water,0.0
0,10,Water,0.0
0,11,Water,0.0
0,12,Water,0.0
0,13,Water,0.0
0,14,Water,0.0
0,15,Water,0.0
0,16,Parks,0.0
0,17,Parks,0.0
0,18,Residential,198.67712716492468
0,19,Residential,213.3445660831406
0,20,Residential,250.67986514769024
0,21,Residential,202.67733777898354
0,22,Residential,180.00947763264992
0,23,Residential,172.00905640453212
0,24,Parks,0.0
0,25,Parks,0.0
0,26,Parks,0.0
0,27,Water,0.0
0,28,Water,0.0
0,29,Water,0.0
0,30,Water,0.0
0,31,Water,0.0
0,32,Water,0.0
0,33,Parks,0.0
0,34,Parks,0.0
0,35,Residential,262.68049698986687
0,36,Residential,178.67607409463028
0,37,Residential,250.67986514769024
0,38,Residential,202.67733777898354
0,39,Residential,188.00989886076772
0,40,Residential,92.00484412335439
0,41,Parks,0.0
0,42,Parks,0.0
0,43,Parks,0.0
0,44,Water,0.0
0,45,Water,0.0
0,46,Water,0.0
0,47,Water,0.0
0,48,Water,0.0
0,49,Parks,0.0
1,0,Parks,0.0
1,1,Parks,0.0
1,2,Parks,0.0
1,3,Parks,0.0
1,4,Parks,0.0
1,5,Parks,0.0
1,6,Parks,0.0
1,7,Parks,0.0
1,8,Water,0.0
1,9,Water,0.0
1,10,Water,0.0
1,11,Water,0.0
1,12,Water,0.0
1,13,Water,0.0
1,14,Water,0.0
1,15,Water,0.0
1,16,Parks,0.0
1,17,Parks,0.0
1,18,Residential,210.67775900710137
1,19,Residential,108.00568657958993
1,20,Residential,249.34646160967063
1,21,Residential,245.34625099561168
1,22,Residential,78.67080874315812
1,23,Residential,70.67038751504032
1,24,Parks,0.0
1,25,Parks,0.0
1,26,Parks,0.0
1,27,Water,0.0
1,28,Water,0.0
1,29,Water,0.0
1,30,Water,0.0
1,31,Water,0.0
1,32,Parks,0.0
1,33,Parks,0.0
1,34,Parks,0.0
1,35,Residential,141.34077503008064
1,36,Residential,206.67754839304249
1,37,Residential,164.0086351764144
1,38,Residential,261.34709345184723
1,39,Residential,82.671019357217
1,40,Residential,153.34140687225732
1,41,Residential,234.6790226914547
1,42,Parks,0.0
1,43,Parks,0.0
1,44,Parks,0.0
1,45,Parks,0.0
1,46,Parks,0.0
1,47,Parks,0.0
1,48,Parks,0.0
1,49,Parks,0.0
2,0,Parks,0.0
2,1,Parks,0.0
2,2,Parks,0.0
2,3,Parks,0.0
2,4,Parks,0.0
2,5,Parks,0.0
2,6,Parks,0.0
2,7,Parks,0.0
2,8,Water,0.0
2,9,Water,0.0
2,10,Water,0.0
2,11,Water,0.0
2,12,Water,0.0
2,13,Water,0.0
2,14,Water,0.0
2,15,Water,0.0
2,16,Parks,0.0
2,17,Parks,0.0
2,18,Residential,161.34182810037512
2,19,Residential,193.3435130128462
2,20,Residential,104.00547596553106
2,21,Residential,178.67607409463028
2,22,Residential,200.01053070294435
2,23,Residential,101.33866888949177
2,24,Parks,0.0
2,25,Parks,0.0
2,26,Parks,0.0
2,27,Parks,0.0
2,28,Water,0.0
2,29,Water,0.0
2,30,Water,0.0
2,31,Parks,0.0
2,32,Parks,0.0
2,33,Parks,0.0
2,34,Residential,202.67733777898354
2,35,Residential,164.0086351764144
2,36,Residential,254.68007576174915
2,37,Residential,202.67733777898354
2,38,Residential,120.00631842176661
2,39,Residential,250.67986514769024
2,40,Residential,81.33761581919735
2,41,Residential,125.33993257384512
2,42,Residential,81.33761581919735
2,43,Residential,206.67754839304249
2,44,Parks,0.0
2,45,Parks,0.0
2,46,Parks,0.0
2,47,Parks,0.0
2,48,Parks,0.0
2,49,Residential,93.33824766137403
3,0,Parks,0.0
3,1,Parks,0.0
3,2,Parks,0.0
3,3,Parks,0.0
3,4,Parks,0.0
3,5,Parks,0.0
3,6,Parks,0.0
3,7,Parks,0.0
3,8,Water,0.0
3,9,Water,0.0
3,10,Water,0.0
3,11,Water,0.0
3,12,Water,0.0
3,13,Water,0.0
3,14,Water,0.0
3,15,Parks,0.0
3,16,Parks,0.0
3,17,Parks,0.0
3,18,Residential,166.6754422524536
3,19,Residential,150.6745997962181
3,20,Residential,116.00610780770774
3,21,Residential,214.6779696211603
3,22,Residential,188.00989886076772
3,23,Residential,208.01095193106212
3,24,Parks,0.0
3,25,Parks,0.0
3,26,Parks,0.0
3,27,Parks,0.0
3,28,Water,0.0
3,29,Water,0.0
3,30,Water,0.0
3,31,Parks,0.0
3,32,Parks,0.0
3,33,Parks,0.0
3,34,Residential,157.34161748631624
3,35,Residential,257.3468828377884
3,36,Residential,97.3384582754329
3,37,Residential,214.6779696211603
3,38,Residential,221.3449873112584
3,39,Residential,169.34224932849287
3,40,Residential,153.34140687225732
3,41,Residential,245.34625099561168
3,42,Residential,160.0084245623555
3,43,Residential,126.67333611186476
3,44,Residential,210.67775900710137
3,45,Residential,160.0084245623555
3,46,Residential,114.67270426968808
3,47,Residential,230.6788120773958
3,48,Residential,129.34014318790398
3,49,Residential,265.3473040659062
4,0,Parks,0.0
4,1,Parks,0.0
4,2,Parks,0.0
4,3,Parks,0.0
4,4,Parks,0.0
4,5,Parks,0.0
4,6,Parks,0.0
4,7,Parks,0.0
4,8,Parks,0.0
4,9,Water,0.0
4,10,Water,0.0
4,11,Water,0.0
4,12,Water,0.0
4,13,Water,0.0
4,14,Water,0.0
4,15,Parks,0.0
4,16,Parks,0.0
4,17,Parks,0.0
4,18,Residential,69.3369839770207
4,19,Residential,240.01263684353322
4,20,Residential,222.67839084927803
4,21,Residential,253.3466722237295
4,22,Residential,240.01263684353322
4,23,Parks,0.0
4,24,Parks,0.0
4,25,Parks,0.0
4,26,Parks,0.0
4,27,Water,0.0
4,28,Water,0.0
4,29,Water,0.0
4,30,Water,0.0
4,31,Parks,0.0
4,32,Parks,0.0
4,33,Parks,0.0
4,34,Residential,152.0080033342377
4,35,Residential,237.34582976749394
4,36,Residential,108.00568657958993
4,37,Residential,96.00505473741329
4,38,Residential,116.00610780770774
4,39,Residential,86.67122997127589
4,40,Residential,68.00358043900106
4,41,Residential,216.01137315917987
4,42,Residential,213.3445660831406
4,43,Residential,108.00568657958993
4,44,Residential,205.34414485502282
4,45,Residential,169.34224932849287
4,46,Residential,84.00442289523664
4,47,Residential,228.01200500135664
4,48,Residential,73.33719459107961
4,49,Residential,185.34309178472841
5,0,Parks,0.0
5,1,Parks,0.0
5,2,Parks,0.0
5,3,Parks,0.0
5,4,Parks,0.0
5,5,Parks,0.0
5,6,Parks,0.0
5,7,Parks,0.0
5,8,Parks,0.0
5,9,Parks,0.0
5,10,Parks,0.0
5,11,Water,0.0
5,12,Water,0.0
5,13,Water,0.0
5,14,Parks,0.0
5,15,Parks,0.0
5,16,Parks,0.0
5,17,Parks,0.0
5,18,Parks,0.0
5,19,Residential,216.01137315917987
5,20,Residential,172.00905640453212
5,21,Parks,0.0
5,22,Parks,0.0
5,23,Parks,0.0
5,24,Parks,0.0
5,25,Water,0.0
5,26,Water,0.0
5,27,Water,0.0
5,28,Water,0.0
5,29,Water,0.0
5,30,Water,0.0
5,31,Water,0.0
5,32,Parks,0.0
5,33,Parks,0.0
5,34,Residential,137.34056441602178
5,35,Residential,212.01116254512098
5,36,Residential,110.6724936556292
5,37,Residential,221.3449873112584
5,38,Residential,112.00589719364883
5,39,Residential,202.67733777898354
5,40,Residential,109.33909011760957
5,41,Residential,101.33866888949177
5,42,Residential,222.67839084927803
5,43,Residential,234.6790226914547
5,44,Residential,258.68028637580795
5,45,Residential,214.6779696211603
5,46,Residential,264.0139005278865
5,47,Residential,186.67649532274805
5,48,Residential,237.34582976749394
5,49,Residential,84.00442289523664
6,0,Parks,0.0
6,1,Parks,0.0
6,2,Parks,0.0
6,3,Parks,0.0
6,4,Parks,0.0
6,5,Parks,0.0
6,6,Parks,0.0
6,7,Parks,0.0
6,8,Parks,0.0
6,9,Parks,0.0
6,10,Parks,0.0
6,11,Parks,0.0
6,12,Parks,0.0
6,13,Parks,0.0
6,14,Parks,0.0
6,15,Parks,0.0
6,16,Parks,0.0
6,17,Parks,0.0
6,18,Parks,0.0
6,19,Parks,0.0
6,20,Parks,0.0
6,21,Parks,0.0
6,22,Parks,0.0
6,23,Parks,0.0
6,24,Water,0.0
6,25,Water,0.0
6,26,Water,0.0
6,27,Water,0.0
6,28,Water,0.0
6,29,Water,0.0
6,30,Water,0.0
6,31,Water,0.0
6,32,Parks,0.0
6,33,Parks,0.0
6,34,Parks,0.0
6,35,Residential,205.34414485502282
6,36,Residential,193.3435130128462
6,37,Residential,105.33887950355069
6,38,Residential,222.67839084927803
6,39,Residential,233.34561915343508
6,40,Residential,256.01347929976873
6,41,Residential,216.01137315917987
6,42,Residential,114.67270426968808
6,43,Residential,110.6724936556292
6,44,Residential,84.00442289523664
6,45,Residential,212.01116254512098
6,46,Residential,98.67186181345252
6,47,Residential,201.34393424096396
6,48,Residential,174.67586348057145
6,49,Commercial,0.0
7,0,Parks,0.0
7,1,Parks,0.0
7,2,Parks,0.0
7,3,Parks,0.0
7,4,Parks,0.0
7,5,Residential,182.6762847086892
7,6,Residential,220.01158377323875
7,7,Residential,160.0084245623555
7,8,Residential,86.67122997127589
7,9,Residential,232.01221561541547
7,10,Parks,0.0
7,11,Parks,0.0
7,12,Parks,0.0
7,13,Parks,0.0
7,14,Parks,0.0
7,15,Parks,0.0
7,16,Parks,0.0
7,17,Parks,0.0
7,18,Parks,0.0
7,19,Parks,0.0
7,20,Parks,0.0
7,21,Parks,0.0
7,22,Water,0.0
7,23,Water,0.0
7,24,Water,0.0
7,25,Water,0.0
7,26,Water,0.0
7,27,Water,0.0
7,28,Water,0.0
7,29,Water,0.0
7,30,Water,0.0
7,31,Water,0.0
7,32,Water,0.0
7,33,Parks,0.0
7,34,Parks,0.0
7,35,Parks,0.0
7,36,Residential,222.67839084927803
7,37,Residential,114.67270426968808
7,38,Residential,138.6739679540414
7,39,Residential,253.3466722237295
7,40,Residential,146.67438918215922
7,41,Residential,190.67670593680697
7,42,Residential,204.01074131700324
7,43,Residential,93.33824766137403
7,44,Residential,94.67165119939364
7,45,Residential,141.34077503008064
7,46,Residential,189.34330239878727
7,47,Residential,176.009267018591
7,48,Residential,150.6745997962181
7,49,Residential,161.34182810037512
8,0,Parks,0.0
8,1,Parks,0.0
8,2,Parks,0.0
8,3,Parks,0.0
8,4,Residential,262.68049698986687
8,5,Residential,172.00905640453212
8,6,Residential,256.01347929976873
8,7,Residential,104.00547596553106
8,8,Residential,224.01179438729767
8,9,Residential,157.34161748631624
8,10,Residential,80.00421228117774
8,11,Residential,214.6779696211603
8,12,Residential,149.3411962581985
8,13,Parks,0.0
8,14,Parks,0.0
8,15,Parks,0.0
8,16,Parks,0.0
8,17,Parks,0.0
8,18,Parks,0.0
8,19,Parks,0.0
8,20,Parks,0.0
8,21,Water,0.0
8,22,Water,0.0
8,23,Water,0.0
8,24,Water,0.0
8,25,Water,0.0
8,26,Water,0.0
8,27,Water,0.0
8,28,Water,0.0
8,29,Water,0.0
8,30,Water,0.0
8,31,Water,0.0
8,32,Water,0.0
8,33,Water,0.0
8,34,Parks,0.0
8,35,Parks,0.0
8,36,Parks,0.0
8,37,Residential,262.68049698986687
8,38,Residential,216.01137315917987
8,39,Residential,90.6714405853348
8,40,Residential,110.6724936556292
8,41,Residential,237.34582976749394
8,42,Residential,66.67017690098145
8,43,Residential,78.67080874315812
8,44,Residential,229.34540853937617
8,45,Residential,234.6790226914547
8,46,Residential,102.67207242751141
8,47,Residential,220.01158377323875
8,48,Residential,96.00505473741329
8,49,Residential,85.33782643325628
9,0,Parks,0.0
9,1,Parks,0.0
9,2,Parks,0.0
9,3,Residential,206.67754839304249
9,4,Residential,112.00589719364883
9,5,Residential,113.33930073166846
9,6,Residential,233.34561915343508
9,7,Residential,88.0046335092955
9,8,Residential,125.33993257384512
9,9,Residential,262.68049698986687
9,10,Residential,85.33782643325628
9,11,Residential,86.67122997127589
9,12,Residential,245.34625099561168
9,13,Residential,98.67186181345252
9,14,Parks,0.0
9,15,Parks,0.0
9,16,Parks,0.0
9,17,Parks,0.0
9,18,Parks,0.0
9,19,Water,0.0
9,20,Water,0.0
9,21,Water,0.0
9,22,Water,0.0
9,23,Water,0.0
9,24,Water,0.0
9,25,Water,0.0
9,26,Water,0.0
9,27,Water,0.0
9,28,Water,0.0
9,29,Water,0.0
9,30,Water,0.0
9,31,Water,0.0
9,32,Water,0.0
9,33,Water,0.0
9,34,Parks,0.0
9,35,Parks,0.0
9,36,Parks,0.0
9,37,Parks,0.0
9,38,Residential,122.67312549780584
9,39,Residential,152.0080033342377
9,40,Residential,141.34077503008064
9,41,Residential,257.3468828377884
9,42,Residential,73.33719459107961
9,43,Parks,0.0
9,44,Parks,0.0
9,45,Residential,145.34098564413958
9,46,Residential,213.3445660831406
9,47,Residential,169.34224932849287
9,48,Residential,160.0084245623555
9,49,Residential,181.3428811706696
10,0,Parks,0.0
10,1,Parks,0.0
10,2,Parks,0.0
10,3,Residential,164.0086351764144
10,4,Residential,196.0103200888855
10,5,Residential,245.34625099561168
10,6,Residential,192.01010947482658
10,7,Residential,250.67986514769024
10,8,Commercial,0.0
10,9,Commercial,0.0
10,10,Residential,130.67354672592361
10,11,Residential,222.67839084927803
10,12,Residential,145.34098564413958
10,13,Residential,209.34435546908173
10,14,Residential,201.34393424096396
10,15,Parks,0.0
10,16,Parks,0.0
10,17,Parks,0.0
10,18,Parks,0.0
10,19,Water,0.0
10,20,Water,0.0
10,21,Water,0.0
10,22,Water,0.0
10,23,Water,0.0
10,24,Water,0.0
10,25,Water,0.0
10,26,Water,0.0
10,27,Water,0.0
10,28,Water,0.0
10,29,Water,0.0
10,30,Water,0.0
10,31,Water,0.0
10,32,Water,0.0
10,33,Water,0.0
10,34,Water,0.0
10,35,Parks,0.0
10,36,Parks,0.0
10,37,Parks,0.0
10,38,Parks,0.0
10,39,Parks,0.0
10,40,Parks,0.0
10,41,Parks,0.0
10,42,Parks,0.0
10,43,Parks,0.0
10,44,Parks,0.0
10,45,Parks,0.0
10,46,Parks,0.0
10,47,Parks,0.0
10,48,Residential,129.34014318790398
10,49,Residential,121.33972195978623
11,0,Parks,0.0
11,1,Parks,0.0
11,2,Parks,0.0
11,3,Residential,172.00905640453212
11,4,Residential,117.33951134572735
11,5,Residential,254.68007576174915
11,6,Commercial,0.0
11,7,Commercial,0.0
11,8,Commercial,0.0
11,9,Commercial,0.0
11,10,Commercial,0.0
11,11,Commercial,0.0
11,12,Residential,96.00505473741329
11,13,Residential,142.6741785681003
11,14,Residential,230.6788120773958
11,15,Residential,192.01010947482658
11,16,Parks,0.0
11,17,Parks,0.0
11,18,Water,0.0
11,19,Water,0.0
11,20,Water,0.0
11,21,Water,0.0
11,22,Water,0.0
11,23,Water,0.0
11,24,Water,0.0
11,25,Water,0.0
11,26,Water,0.0
11,27,Water,0.0
11,28,Water,0.0
11,29,Water,0.0
11,30,Water,0.0
11,31,Water,0.0
11,32,Water,0.0
11,33,Water,0.0
11,34,Water,0.0
11,35,Parks,0.0
11,36,Parks,0.0
11,37,Parks,0.0
11,38,Parks,0.0
11,39,Parks,0.0
11,40,Parks,0.0
11,41,Parks,0.0
11,42,Parks,0.0
11,43,Parks,0.0
11,44,Parks,0.0
11,45,Parks,0.0
11,46,Parks,0.0
11,47,Parks,0.0
11,48,Parks,0.0
11,49,Residential,69.3369839770207
12,0,Parks,0.0
12,1,Parks,0.0
12,2,Residential,106.6722830415703
12,3,Residential,90.6714405853348
12,4,Residential,198.67712716492468
12,5,Commercial,0.0
12,6,Commercial,0.0
12,7,Commercial,0.0
12,8,Commercial,0.0
12,9,Commercial,0.0
12,10,Commercial,0.0
12,11,Commercial,0.0
12,12,Commercial,0.0
12,13,Residential,249.34646160967063
12,14,Residential,110.6724936556292
12,15,Residential,102.67207242751141
12,16,Parks,0.0
12,17,Parks,0.0
12,18,Water,0.0
12,19,Water,0.0
12,20,Water,0.0
12,21,Water,0.0
12,22,Water,0.0
12,23,Water,0.0
12,24,Water,0.0
12,25,Water,0.0
12,26,Water,0.0
12,27,Water,0.0
12,28,Water,0.0
12,29,Water,0.0
12,30,Water,0.0
12,31,Water,0.0
12,32,Water,0.0
12,33,Water,0.0
12,34,Water,0.0
12,35,Parks,0.0
12,36,Parks,0.0
12,37,Parks,0.0
12,38,Parks,0.0
12,39,Parks,0.0
12,40,Parks,0.0
12,41,Parks,0.0
12,42,Parks,0.0
12,43,Water,0.0
12,44,Water,0.0
12,45,Water,0.0
12,46,Water,0.0
12,47,Parks,0.0
12,48,Parks,0.0
12,49,Parks,0.0
13,0,Parks,0.0
13,1,Parks,0.0
13,2,Residential,245.34625099561168
13,3,Residential,260.01368991382765
13,4,Residential,157.34161748631624
13,5,Commercial,0.0
13,6,Commercial,0.0
13,7,Commercial,0.0
13,8,Commercial,0.0
13,9,Commercial,0.0
13,10,Commercial,0.0
13,11,Commercial,0.0
13,12,Commercial,0.0
13,13,Residential,74.67059812909925
13,14,Residential,114.67270426968808
13,15,Residential,74.67059812909925
13,16,Parks,0.0
13,17,Parks,0.0
13,18,Water,0.0
13,19,Water,0.0
13,20,Water,0.0
13,21,Water,0.0
13,22,Water,0.0
13,23,Water,0.0
13,24,Water,0.0
13,25,Water,0.0
13,26,Water,0.0
13,27,Water,0.0
13,28,Water,0.0
13,29,Water,0.0
13,30,Water,0.0
13,31,Water,0.0
13,32,Water,0.0
13,33,Water,0.0
13,34,Water,0.0
13,35,Parks,0.0
13,36,Parks,0.0
13,37,Parks,0.0
13,38,Parks,0.0
13,39,Parks,0.0
13,40,Parks,0.0
13,41,Parks,0.0
13,42,Water,0.0
13,43,Water,0.0
13,44,Water,0.0
13,45,Water,0.0
13,46,Water,0.0
13,47,Water,0.0
13,48,Parks,0.0
13,49,Parks,0.0
14,0,Parks,0.0
14,1,Parks,0.0
14,2,Residential,80.00421228117774
14,3,Residential,208.01095193106212
14,4,Residential,188.00989886076772
14,5,Commercial,0.0
14,6,Commercial,0.0
14,7,Commercial,0.0
14,8,Commercial,0.0
14,9,Commercial,0.0
14,10,Commercial,0.0
14,11,Commercial,0.0
14,12,Commercial,0.0
14,13,Commercial,0.0
14,14,Residential,73.33719459107961
14,15,Residential,94.67165119939364
14,16,Parks,0.0
14,17,Parks,0.0
14,18,Water,0.0
14,19,Water,0.0
14,20,Water,0.0
14,21,Water,0.0
14,22,Water,0.0
14,23,Water,0.0
14,24,Water,0.0
14,25,Water,0.0
14,26,Water,0.0
14,27,Water,0.0
14,28,Water,0.0
14,29,Water,0.0
14,30,Water,0.0
14,31,Water,0.0
14,32,Water,0.0
14,33,Water,0.0
14,34,Water,0.0
14,35,Parks,0.0
14,36,Parks,0.0
14,37,Parks,0.0
14,38,Parks,0.0
14,39,Parks,0.0
14,40,Parks,0.0
14,41,Parks,0.0
14,42,Water,0.0
14,43,Water,0.0
14,44,Water,0.0
14,45,Water,0.0
14,46,Water,0.0
14,47,Water,0.0
14,48,Water,0.0
14,49,Parks,0.0
15,0,Parks,0.0
15,1,Parks,0.0
15,2,Residential,172.00905640453212
15,3,Residential,101.33866888949177
15,4,Residential,233.34561915343508
15,5,Commercial,0.0
15,6,Commercial,0.0
15,7,Commercial,0.0
15,8,Commercial,0.0
15,9,Commercial,0.0
15,10,Commercial,0.0
15,11,Commercial,0.0
15,12,Commercial,0.0
15,13,Commercial,0.0
15,14,Residential,190.67670593680697
15,15,Residential,234.6790226914547
15,16,Parks,0.0
15,17,Parks,0.0
15,18,Water,0.0
15,19,Water,0.0
15,20,Water,0.0
15,21,Water,0.0
15,22,Water,0.0
15,23,Water,0.0
15,24,Water,0.0
15,25,Water,0.0
15,26,Water,0.0
15,27,Water,0.0
15,28,Water,0.0
15,29,Water,0.0
15,30,Water,0.0
15,31,Water,0.0
15,32,Water,0.0
15,33,Water,0.0
15,34,Parks,0.0
15,35,Parks,0.0
15,36,Parks,0.0
15,37,Parks,0.0
15,38,Parks,0.0
15,39,Parks,0.0
15,40,Parks,0.0
15,41,Parks,0.0
15,42,Water,0.0
15,43,Water,0.0
15,44,Water,0.0
15,45,Water,0.0
15,46,Water,0.0
15,47,Water,0.0
15,48,Water,0.0
15,49,Parks,0.0
16,0,Parks,0.0
16,1,Parks,0.0
16,2,Residential,154.674810410277
16,3,Residential,156.0082139482966
16,4,Residential,81.33761581919735
16,5,Commercial,0.0
16,6,Commercial,0.0
16,7,Commercial,0.0
16,8,Commercial,0.0
16,9,Commercial,0.0
16,10,Commercial,0.0
16,11,Commercial,0.0
16,12,Commercial,0.0
16,13,Commercial,0.0
16,14,Residential,185.34309178472841
16,15,Residential,74.67059812909925
16,16,Parks,0.0
16,17,Parks,0.0
16,18,Water,0.0
16,19,Water,0.0
16,20,Water,0.0
16,21,Water,0.0
16,22,Water,0.0
16,23,Water,0.0
16,24,Water,0.0
16,25,Water,0.0
16,26,Water,0.0
16,27,Water,0.0
16,28,Water,0.0
16,29,Water,0.0
16,30,Water,0.0
16,31,Water,0.0
16,32,Water,0.0
16,33,Parks,0.0
16,34,Parks,0.0
16,35,Parks,0.0
16,36,Residential,100.00526535147218
16,37,Residential,186.67649532274805
16,38,Residential,133.3403538019629
16,39,Parks,0.0
16,40,Parks,0.0
16,41,Parks,0.0
16,42,Parks,0.0
16,43,Water,0.0
16,44,Water,0.0
16,45,Water,0.0
16,46,Water,0.0
16,47,Water,0.0
16,48,Water,0.0
16,49,Parks,0.0
17,0,Parks,0.0
17,1,Parks,0.0
17,2,Residential,72.00379105305993
17,3,Residential,172.00905640453212
17,4,Residential,261.34709345184723
17,5,Commercial,0.0
17,6,Commercial,0.0
17,7,Commercial,0.0
17,8,Commercial,0.0
17,9,Commercial,0.0
17,10,Commercial,0.0
17,11,Commercial,0.0
17,12,Commercial,0.0
17,13,Commercial,0.0
17,14,Residential,242.67944391957246
17,15,Residential,98.67186181345252
17,16,Parks,0.0
17,17,Parks,0.0
17,18,Water,0.0
17,19,Water,0.0
17,20,Water,0.0
17,21,Water,0.0
17,22,Water,0.0
17,23,Water,0.0
17,24,Water,0.0
17,25,Water,0.0
17,26,Water,0.0
17,27,Water,0.0
17,28,Water,0.0
17,29,Water,0.0
17,30,Water,0.0
17,31,Water,0.0
17,32,Parks,0.0
17,33,Parks,0.0
17,34,Parks,0.0
17,35,Residential,98.67186181345252
17,36,Residential,126.67333611186476
17,37,Residential,164.0086351764144
17,38,Residential,117.33951134572735
17,39,Residential,132.00695026394325
17,40,Parks,0.0
17,41,Parks,0.0
17,42,Parks,0.0
17,43,Water,0.0
17,44,Water,0.0
17,45,Water,0.0
17,46,Water,0.0
17,47,Water,0.0
17,48,Water,0.0
17,49,Parks,0.0
18,0,Parks,0.0
18,1,Parks,0.0
18,2,Residential,110.6724936556292
18,3,Residential,142.6741785681003
18,4,Residential,66.67017690098145
18,5,Commercial,0.0
18,6,Commercial,0.0
18,7,Commercial,0.0
18,8,Commercial,0.0
18,9,Commercial,0.0
18,10,Commercial,0.0
18,11,Commercial,0.0
18,12,Commercial,0.0
18,13,Commercial,0.0
18,14,Residential,128.00673964988437
18,15,Residential,249.34646160967063
18,16,Parks,0.0
18,17,Parks,0.0
18,18,Water,0.0
18,19,Water,0.0
18,20,Water,0.0
18,21,Water,0.0
18,22,Water,0.0
18,23,Water,0.0
18,24,Water,0.0
18,25,Water,0.0
18,26,Water,0.0
18,27,Water,0.0
18,28,Water,0.0
18,29,Water,0.0
18,30,Water,0.0
18,31,Water,0.0
18,32,Parks,0.0
18,33,Parks,0.0
18,34,Residential,190.67670593680697
18,35,Residential,256.01347929976873
18,36,Residential,122.67312549780584
18,37,Residential,253.3466722237295
18,38,Residential,126.67333611186476
18,39,Residential,97.3384582754329
18,40,Residential,213.3445660831406
18,41,Parks,0.0
18,42,Parks,0.0
18,43,Water,0.0
18,44,Water,0.0
18,45,Water,0.0
18,46,Water,0.0
18,47,Water,0.0
18,48,Water,0.0
18,49,Parks,0.0
19,0,Parks,0.0
19,1,Parks,0.0
19,2,Residential,245.34625099561168
19,3,Residential,182.6762847086892
19,4,Residential,237.34582976749394
19,5,Commercial,0.0
19,6,Commercial,0.0
19,7,Commercial,0.0
19,8,Commercial,0.0
19,9,Commercial,0.0
19,10,Commercial,0.0
19,11,Commercial,0.0
19,12,Commercial,0.0
19,13,Commercial,0.0
19,14,Residential,205.34414485502282
19,15,Residential,256.01347929976873
19,16,Residential,242.67944391957246
19,17,Parks,0.0
19,18,Water,0.0
19,19,Water,0.0
19,20,Water,0.0
19,21,Water,0.0
19,22,Water,0.0
19,23,Water,0.0
19,24,Water,0.0
19,25,Water,0.0
19,26,Water,0.0
19,27,Water,0.0
19,28,Water,0.0
19,29,Water,0.0
19,30,Water,0.0
19,31,Parks,0.0
19,32,Parks,0.0
19,33,Residential,204.01074131700324
19,34,Residential,138.6739679540414
19,35,Residential,262.68049698986687
19,36,Residential,156.0082139482966
19,37,Residential,102.67207242751141
19,38,Residential,122.67312549780584
19,39,Residential,145.34098564413958
19,40,Residential,204.01074131700324
19,41,Residential,242.67944391957246
19,42,Parks,0.0
19,43,Parks,0.0
19,44,Water,0.0
19,45,Water,0.0
19,46,Water,0.0
19,47,Water,0.0
19,48,Water,0.0
19,49,Water,0.0
20,0,Parks,0.0
20,1,Residential,249.34646160967063
20,2,Residential,110.6724936556292
20,3,Residential,209.34435546908173
20,4,Commercial,0.0
20,5,Commercial,0.0
20,6,Commercial,0.0
20,7,Commercial,0.0
20,8,Commercial,0.0
20,9,Commercial,0.0
20,10,Commercial,0.0
20,11,Commercial,0.0
20,12,Commercial,0.0
20,13,Commercial,0.0
20,14,Residential,144.00758210611986
20,15,Residential,194.6769165508658
20,16,Residential,173.34245994255178
20,17,Parks,0.0
20,18,Parks,0.0
20,19,Water,0.0
20,20,Water,0.0
20,21,Water,0.0
20,22,Water,0.0
20,23,Water,0.0
20,24,Water,0.0
20,25,Water,0.0
20,26,Water,0.0
20,27,Water,0.0
20,28,Water,0.0
20,29,Water,0.0
20,30,Parks,0.0
20,31,Parks,0.0
20,32,Residential,134.67375733998256
20,33,Residential,205.34414485502282
20,34,Residential,105.33887950355069
20,35,Residential,174.67586348057145
20,36,Commercial,0.0
20,37,Commercial,0.0
20,38,Residential,142.6741785681003
20,39,Residential,134.67375733998256
20,40,Residential,180.00947763264992
20,41,Residential,158.67502102433585
20,42,Parks,0.0
20,43,Parks,0.0
20,44,Water,0.0
20,45,Water,0.0
20,46,Water,0.0
20,47,Water,0.0
20,48,Water,0.0
20,49,Water,0.0
21,0,Parks,0.0
21,1,Residential,176.009267018591
21,2,Residential,96.00505473741329
21,3,Residential,124.0065290358255
21,4,Commercial,0.0
21,5,Commercial,0.0
21,6,Commercial,0.0
21,7,Commercial,0.0
21,8,Industrial,0.0
21,9,Industrial,0.0
21,10,Commercial,0.0
21,11,Commercial,0.0
21,12,Commercial,0.0
21,13,Commercial,0.0
21,14,Residential,174.67586348057145
21,15,Residential,89.33803704731514
21,16,Residential,96.00505473741329
21,17,Parks,0.0
21,18,Parks,0.0
21,19,Water,0.0
21,20,Water,0.0
21,21,Water,0.0
21,22,Water,0.0
21,23,Water,0.0
21,24,Water,0.0
21,25,Water,0.0
21,26,Water,0.0
21,27,Water,0.0
21,28,Water,0.0
21,29,Water,0.0
21,30,Parks,0.0
21,31,Residential,80.00421228117774
21,32,Residential,233.34561915343508
21,33,Residential,248.013058071651
21,34,Residential,238.6792333055136
21,35,Commercial,0.0
21,36,Commercial,0.0
21,37,Commercial,0.0
21,38,Commercial,0.0
21,39,Residential,238.6792333055136
21,40,Residential,238.6792333055136
21,41,Residential,144.00758210611986
21,42,Parks,0.0
21,43,Water,0.0
21,44,Water,0.0
21,45,Water,0.0
21,46,Water,0.0
21,47,Water,0.0
21,48,Water,0.0
21,49,Water,0.0
22,0,Residential,236.01242622947436
22,1,Residential,162.6752316383947
22,2,Residential,189.34330239878727
22,3,Commercial,0.0
22,4,Commercial,0.0
22,5,Commercial,0.0
22,6,Commercial,0.0
22,7,Industrial,0.0
22,8,Industrial,0.0
22,9,Industrial,0.0
22,10,Industrial,0.0
22,11,Commercial,0.0
22,12,Commercial,0.0
22,13,Commercial,0.0
22,14,Commercial,0.0
22,15,Residential,141.34077503008064
22,16,Residential,150.6745997962181
22,17,Parks,0.0
22,18,Parks,0.0
22,19,Water,0.0
22,20,Water,0.0
22,21,Water,0.0
22,22,Water,0.0
22,23,Water,0.0
22,24,Water,0.0
22,25,Water,0.0
22,26,Water,0.0
22,27,Water,0.0
22,28,Water,0.0
22,29,Water,0.0
22,30,Parks,0.0
22,31,Residential,82.671019357217
22,32,Residential,156.0082139482966
22,33,Residential,77.3374052051385
22,34,Commercial,0.0
22,35,Commercial,0.0
22,36,Commercial,0.0
22,37,Commercial,0.0
22,38,Commercial,0.0
22,39,Commercial,0.0
22,40,Residential,258.68028637580795
22,41,Residential,184.00968824670878
22,42,Parks,0.0
22,43,Water,0.0
22,44,Water,0.0
22,45,Water,0.0
22,46,Water,0.0
22,47,Water,0.0
22,48,Water,0.0
22,49,Water,0.0
23,0,Residential,176.009267018591
23,1,Residential,144.00758210611986
23,2,Residential,241.34604038155288
23,3,Commercial,0.0
23,4,Commercial,0.0
23,5,Commercial,0.0
23,6,Commercial,0.0
23,7,Industrial,0.0
23,8,Industrial,0.0
23,9,Industrial,0.0
23,10,Industrial,0.0
23,11,Commercial,0.0
23,12,Commercial,0.0
23,13,Commercial,0.0
23,14,Commercial,0.0
23,15,Residential,68.00358043900106
23,16,Residential,258.68028637580795
23,17,Residential,192.01010947482658
23,18,Parks,0.0
23,19,Parks,0.0
23,20,Water,0.0
23,21,Water,0.0
23,22,Water,0.0
23,23,Water,0.0
23,24,Water,0.0
23,25,Water,0.0
23,26,Water,0.0
23,27,Water,0.0
23,28,Water,0.0
23,29,Parks,0.0
23,30,Parks,0.0
23,31,Residential,124.0065290358255
23,32,Residential,232.01221561541547
23,33,Commercial,0.0
23,34,Commercial,0.0
23,35,Commercial,0.0
23,36,Commercial,0.0
23,37,Commercial,0.0
23,38,Commercial,0.0
23,39,Commercial,0.0
23,40,Residential,174.67586348057145
23,41,Residential,77.3374052051385
23,42,Parks,0.0
23,43,Water,0.0
23,44,Water,0.0
23,45,Water,0.0
23,46,Water,0.0
23,47,Water,0.0
23,48,Water,0.0
23,49,Water,0.0
24,0,Residential,165.342038714434
24,1,Residential,152.0080033342377
24,2,Commercial,0.0
24,3,Commercial,0.0
24,4,Commercial,0.0
24,5,Commercial,0.0
24,6,Industrial,0.0
24,7,Industrial,0.0
24,8,Industrial,0.0
24,9,Industrial,0.0
24,10,Industrial,0.0
24,11,Commercial,0.0
24,12,Commercial,0.0
24,13,Commercial,0.0
24,14,Commercial,0.0
24,15,Residential,93.33824766137403
24,16,Residential,161.34182810037512
24,17,Residential,120.00631842176661
24,18,Parks,0.0
24,19,Parks,0.0
24,20,Water,0.0
24,21,Water,0.0
24,22,Water,0.0
24,23,Water,0.0
24,24,Water,0.0
24,25,Water,0.0
24,26,Water,0.0
24,27,Water,0.0
24,28,Water,0.0
24,29,Parks,0.0
24,30,Parks,0.0
24,31,Residential,141.34077503008064
24,32,Residential,122.67312549780584
24,33,Commercial,0.0
24,34,Commercial,0.0
24,35,Commercial,0.0
24,36,Commercial,0.0
24,37,Commercial,0.0
24,38,Commercial,0.0
24,39,Commercial,0.0
24,40,Residential,221.3449873112584
24,41,Residential,109.33909011760957
24,42,Parks,0.0
24,43,Water,0.0
24,44,Water,0.0
24,45,Water,0.0
24,46,Water,0.0
24,47,Water,0.0
24,48,Water,0.0
24,49,Water,0.0
25,0,Residential,117.33951134572735
25,1,Commercial,0.0
25,2,Commercial,0.0
25,3,Commercial,0.0
25,4,Commercial,0.0
25,5,Commercial,0.0
25,6,Industrial,0.0
25,7,Industrial,0.0
25,8,Industrial,0.0
25,9,Industrial,0.0
25,10,Industrial,0.0
25,11,Commercial,0.0
25,12,Commercial,0.0
25,13,Commercial,0.0
25,14,Commercial,0.0
25,15,Residential,88.0046335092955
25,16,Residential,181.3428811706696
25,17,Residential,90.6714405853348
25,18,Parks,0.0
25,19,Parks,0.0
25,20,Water,0.0
25,21,Water,0.0
25,22,Water,0.0
25,23,Water,0.0
25,24,Water,0.0
25,25,Water,0.0
25,26,Water,0.0
25,27,Water,0.0
25,28,Water,0.0
25,29,Parks,0.0
25,30,Parks,0.0
25,31,Residential,157.34161748631624
25,32,Residential,106.6722830415703
25,33,Commercial,0.0
25,34,Commercial,0.0
25,35,Commercial,0.0
25,36,Commercial,0.0
25,37,Commercial,0.0
25,38,Commercial,0.0
25,39,Commercial,0.0
25,40,Residential,250.67986514769024
25,41,Parks,0.0
25,42,Parks,0.0
25,43,Water,0.0
25,44,Water,0.0
25,45,Water,0.0
25,46,Water,0.0
25,47,Water,0.0
25,48,Water,0.0
25,49,Water,0.0
26,0,Residential,236.01242622947436
26,1,Commercial,0.0
26,2,Commercial,0.0
26,3,Commercial,0.0
26,4,Commercial,0.0
26,5,Industrial,0.0
26,6,Industrial,0.0
26,7,Industrial,0.0
26,8,Industrial,0.0
26,9,Industrial,0.0
26,10,Industrial,0.0
26,11,Commercial,0.0
26,12,Commercial,0.0
26,13,Commercial,0.0
26,14,Commercial,0.0
26,15,Residential,116.00610780770774
26,16,Residential,210.67775900710137
26,17,Residential,128.00673964988437
26,18,Parks,0.0
26,19,Parks,0.0
26,20,Water,0.0
26,21,Water,0.0
26,22,Water,0.0
26,23,Water,0.0
26,24,Water,0.0
26,25,Water,0.0
26,26,Water,0.0
26,27,Water,0.0
26,28,Water,0.0
26,29,Parks,0.0
26,30,Parks,0.0
26,31,Residential,209.34435546908173
26,32,Residential,213.3445660831406
26,33,Residential,117.33951134572735
26,34,Commercial,0.0
26,35,Commercial,0.0
26,36,Commercial,0.0
26,37,Commercial,0.0
26,38,Commercial,0.0
26,39,Residential,212.01116254512098
26,40,Residential,242.67944391957246
26,41,Parks,0.0
26,42,Water,0.0
26,43,Water,0.0
26,44,Water,0.0
26,45,Water,0.0
26,46,Water,0.0
26,47,Water,0.0
26,48,Water,0.0
26,49,Water,0.0
27,0,Residential,182.6762847086892
27,1,Commercial,0.0
27,2,Commercial,0.0
27,3,Commercial,0.0
27,4,Commercial,0.0
27,5,Industrial,0.0
27,6,Industrial,0.0
27,7,Industrial,0.0
27,8,Industrial,0.0
27,9,Industrial,0.0
27,10,Industrial,0.0
27,11,Commercial,0.0
27,12,Commercial,0.0
27,13,Commercial,0.0
27,14,Commercial,0.0
27,15,Residential,186.67649532274805
27,16,Residential,205.34414485502282
27,17,Residential,84.00442289523664
27,18,Parks,0.0
27,19,Parks,0.0
27,20,Parks,0.0
27,21,Water,0.0
27,22,Water,0.0
27,23,Water,0.0
27,24,Water,0.0
27,25,Water,0.0
27,26,Water,0.0
27,27,Water,0.0
27,28,Water,0.0
27,29,Parks,0.0
27,30,Parks,0.0
27,31,Residential,108.00568657958993
27,32,Residential,137.34056441602178
27,33,Residential,217.3447766971995
27,34,Commercial,0.0
27,35,Commercial,0.0
27,36,Commercial,0.0
27,37,Commercial,0.0
27,38,Commercial,0.0
27,39,Residential,180.00947763264992
27,40,Residential,192.01010947482658
27,41,Parks,0.0
27,42,Water,0.0
27,43,Water,0.0
27,44,Water,0.0
27,45,Water,0.0
27,46,Water,0.0
27,47,Water,0.0
27,48,Water,0.0
27,49,Water,0.0
28,0,Residential,121.33972195978623
28,1,Commercial,0.0
28,2,Commercial,0.0
28,3,Commercial,0.0
28,4,Commercial,0.0
28,5,Industrial,0.0
28,6,Industrial,0.0
28,7,Industrial,0.0
28,8,Industrial,0.0
28,9,Industrial,0.0
28,10,Industrial,0.0
28,11,Commercial,0.0
28,12,Commercial,0.0
28,13,Commercial,0.0
28,14,Residential,245.34625099561168
28,15,Residential,258.68028637580795
28,16,Residential,197.34372362690505
28,17,Residential,222.67839084927803
28,18,Parks,0.0
28,19,Parks,0.0
28,20,Parks,0.0
28,21,Water,0.0
28,22,Water,0.0
28,23,Water,0.0
28,24,Water,0.0
28,25,Water,0.0
28,26,Water,0.0
28,27,Water,0.0
28,28,Water,0.0
28,29,Water,0.0
28,30,Parks,0.0
28,31,Parks,0.0
28,32,Residential,248.013058071651
28,33,Residential,232.01221561541547
28,34,Residential,192.01010947482658
28,35,Commercial,0.0
28,36,Commercial,0.0
28,37,Commercial,0.0
28,38,Residential,85.33782643325628
28,39,Residential,158.67502102433585
28,40,Residential,88.0046335092955
28,41,Parks,0.0
28,42,Water,0.0
28,43,Water,0.0
28,44,Water,0.0
28,45,Water,0.0
28,46,Water,0.0
28,47,Water,0.0
28,48,Water,0.0
28,49,Water,0.0
29,0,Residential,206.67754839304249
29,1,Residential,198.67712716492468
29,2,Commercial,0.0
29,3,Commercial,0.0
29,4,Commercial,0.0
29,5,Commercial,0.0
29,6,Industrial,0.0
29,7,Industrial,0.0
29,8,Industrial,0.0
29,9,Industrial,0.0
29,10,Commercial,0.0
29,11,Commercial,0.0
29,12,Commercial,0.0
29,13,Commercial,0.0
29,14,Residential,101.33866888949177
29,15,Residential,105.33887950355069
29,16,Residential,126.67333611186476
29,17,Residential,177.34267055661073
29,18,Parks,0.0
29,19,Parks,0.0
29,20,Water,0.0
29,21,Water,0.0
29,22,Water,0.0
29,23,Water,0.0
29,24,Water,0.0
29,25,Water,0.0
29,26,Water,0.0
29,27,Water,0.0
29,28,Water,0.0
29,29,Water,0.0
29,30,Water,0.0
29,31,Parks,0.0
29,32,Residential,233.34561915343508
29,33,Residential,173.34245994255178
29,34,Residential,149.3411962581985
29,35,Residential,110.6724936556292
29,36,Residential,76.00400166711886
29,37,Residential,120.00631842176661
29,38,Residential,145.34098564413958
29,39,Residential,178.67607409463028
29,40,Residential,214.6779696211603
29,41,Parks,0.0
29,42,Water,0.0
29,43,Water,0.0
29,44,Water,0.0
29,45,Water,0.0
29,46,Water,0.0
29,47,Water,0.0
29,48,Water,0.0
29,49,Water,0.0
30,0,Residential,72.00379105305993
30,1,Residential,250.67986514769024
30,2,Commercial,0.0
30,3,Commercial,0.0
30,4,Commercial,0.0
30,5,Commercial,0.0
30,6,Commercial,0.0
30,7,Industrial,0.0
30,8,Industrial,0.0
30,9,Commercial,0.0
30,10,Commercial,0.0
30,11,Commercial,0.0
30,12,Commercial,0.0
30,13,Commercial,0.0
30,14,Residential,265.3473040659062
30,15,Residential,197.34372362690505
30,16,Residential,182.6762847086892
30,17,Residential,81.33761581919735
30,18,Parks,0.0
30,19,Parks,0.0
30,20,Water,0.0
30,21,Water,0.0
30,22,Water,0.0
30,23,Water,0.0
30,24,Water,0.0
30,25,Water,0.0
30,26,Water,0.0
30,27,Water,0.0
30,28,Water,0.0
30,29,Water,0.0
30,30,Water,0.0
30,31,Parks,0.0
30,32,Parks,0.0
30,33,Residential,245.34625099561168
30,34,Residential,152.0080033342377
30,35,Residential,165.342038714434
30,36,Residential,237.34582976749394
30,37,Residential,253.3466722237295
30,38,Residential,250.67986514769024
30,39,Residential,108.00568657958993
30,40,Parks,0.0
30,41,Parks,0.0
30,42,Water,0.0
30,43,Water,0.0
30,44,Water,0.0
30,45,Water,0.0
30,46,Water,0.0
30,47,Water,0.0
30,48,Water,0.0
30,49,Water,0.0
31,0,Residential,181.3428811706696
31,1,Residential,170.67565286651256
31,2,Residential,81.33761581919735
31,3,Commercial,0.0
31,4,Commercial,0.0
31,5,Commercial,0.0
31,6,Commercial,0.0
31,7,Commercial,0.0
31,8,Commercial,0.0
31,9,Commercial,0.0
31,10,Commercial,0.0
31,11,Commercial,0.0
31,12,Commercial,0.0
31,13,Residential,253.3466722237295
31,14,Residential,257.3468828377884
31,15,Residential,146.67438918215922
31,16,Residential,137.34056441602178
31,17,Parks,0.0
31,18,Parks,0.0
31,19,Parks,0.0
31,20,Water,0.0
31,21,Water,0.0
31,22,Water,0.0
31,23,Water,0.0
31,24,Water,0.0
31,25,Water,0.0
31,26,Water,0.0
31,27,Water,0.0
31,28,Water,0.0
31,29,Water,0.0
31,30,Water,0.0
31,31,Water,0.0
31,32,Parks,0.0
31,33,Parks,0.0
31,34,Residential,130.67354672592361
31,35,Residential,76.00400166711886
31,36,Residential,189.34330239878727
31,37,Residential,108.00568657958993
31,38,Residential,204.01074131700324
31,39,Residential,230.6788120773958
31,40,Parks,0.0
31,41,Parks,0.0
31,42,Water,0.0
31,43,Water,0.0
31,44,Water,0.0
31,45,Water,0.0
31,46,Water,0.0
31,47,Water,0.0
31,48,Water,0.0
31,49,Water,0.0
32,0,Residential,160.0084245623555
32,1,Residential,72.00379105305993
32,2,Residential,164.0086351764144
32,3,Commercial,0.0
32,4,Commercial,0.0
32,5,Commercial,0.0
32,6,Commercial,0.0
32,7,Commercial,0.0
32,8,Commercial,0.0
32,9,Commercial,0.0
32,10,Commercial,0.0
32,11,Commercial,0.0
32,12,Commercial,0.0
32,13,Residential,170.67565286651256
32,14,Residential,181.3428811706696
32,15,Residential,168.0088457904733
32,16,Parks,0.0
32,17,Parks,0.0
32,18,Parks,0.0
32,19,Water,0.0
32,20,Water,0.0
32,21,Water,0.0
32,22,Water,0.0
32,23,Water,0.0
32,24,Water,0.0
32,25,Water,0.0
32,26,Water,0.0
32,27,Water,0.0
32,28,Water,0.0
32,29,Water,0.0
32,30,Water,0.0
32,31,Water,0.0
32,32,Parks,0.0
32,33,Parks,0.0
32,34,Residential,129.34014318790398
32,35,Residential,89.33803704731514
32,36,Residential,130.67354672592361
32,37,Residential,154.674810410277
32,38,Residential,74.67059812909925
32,39,Residential,229.34540853937617
32,40,Parks,0.0
32,41,Parks,0.0
32,42,Water,0.0
32,43,Water,0.0
32,44,Water,0.0
32,45,Water,0.0
32,46,Water,0.0
32,47,Water,0.0
32,48,Water,0.0
32,49,Water,0.0
33,0,Parks,0.0
33,1,Residential,225.34519792531725
33,2,Residential,210.67775900710137
33,3,Residential,188.00989886076772
33,4,Commercial,0.0
33,5,Commercial,0.0
33,6,Commercial,0.0
33,7,Commercial,0.0
33,8,Commercial,0.0
33,9,Commercial,0.0
33,10,Commercial,0.0
33,11,Commercial,0.0
33,12,Residential,74.67059812909925
33,13,Residential,97.3384582754329
33,14,Residential,174.67586348057145
33,15,Residential,192.01010947482658
33,16,Parks,0.0
33,17,Parks,0.0
33,18,Parks,0.0
33,19,Water,0.0
33,20,Water,0.0
33,21,Water,0.0
33,22,Water,0.0
33,23,Water,0.0
33,24,Water,0.0
33,25,Water,0.0
33,26,Water,0.0
33,27,Water,0.0
33,28,Water,0.0
33,29,Water,0.0
33,30,Water,0.0
33,31,Water,0.0
33,32,Water,0.0
33,33,Parks,0.0
33,34,Parks,0.0
33,35,Residential,144.00758210611986
33,36,Residential,188.00989886076772
33,37,Residential,218.67818023521914
33,38,Residential,170.67565286651256
33,39,Residential,181.3428811706696
33,40,Parks,0.0
33,41,Parks,0.0
33,42,Water,0.0
33,43,Water,0.0
33,44,Water,0.0
33,45,Water,0.0
33,46,Water,0.0
33,47,Water,0.0
33,48,Water,0.0
33,49,Water,0.0
34,0,Parks,0.0
34,1,Parks,0.0
34,2,Residential,160.0084245623555
34,3,Residential,138.6739679540414
34,4,Residential,248.013058071651
34,5,Commercial,0.0
34,6,Commercial,0.0
34,7,Commercial,0.0
34,8,Commercial,0.0
34,9,Commercial,0.0
34,10,Commercial,0.0
34,11,Commercial,0.0
34,12,Residential,98.67186181345252
34,13,Residential,262.68049698986687
34,14,Residential,162.6752316383947
34,15,Parks,0.0
34,16,Parks,0.0
34,17,Parks,0.0
34,18,Water,0.0
34,19,Water,0.0
34,20,Water,0.0
34,21,Water,0.0
34,22,Water,0.0
34,23,Water,0.0
34,24,Water,0.0
34,25,Water,0.0
34,26,Water,0.0
34,27,Water,0.0
34,28,Water,0.0
34,29,Water,0.0
34,30,Water,0.0
34,31,Water,0.0
34,32,Water,0.0
34,33,Parks,0.0
34,34,Parks,0.0
34,35,Residential,106.6722830415703
34,36,Residential,137.34056441602178
34,37,Residential,218.67818023521914
34,38,Residential,100.00526535147218
34,39,Residential,164.0086351764144
34,40,Parks,0.0
34,41,Parks,0.0
34,42,Parks,0.0
34,43,Water,0.0
34,44,Water,0.0
34,45,Water,0.0
34,46,Water,0.0
34,47,Water,0.0
34,48,Water,0.0
34,49,Parks,0.0
35,0,Water,0.0
35,1,Parks,0.0
35,2,Parks,0.0
35,3,Residential,184.00968824670878
35,4,Residential,212.01116254512098
35,5,Residential,129.34014318790398
35,6,Commercial,0.0
35,7,Commercial,0.0
35,8,Commercial,0.0
35,9,Commercial,0.0
35,10,Commercial,0.0
35,11,Residential,120.00631842176661
35,12,Residential,97.3384582754329
35,13,Residential,197.34372362690505
35,14,Residential,136.0071608780021
35,15,Parks,0.0
35,16,Parks,0.0
35,17,Parks,0.0
35,18,Water,0.0
35,19,Water,0.0
35,20,Water,0.0
35,21,Water,0.0
35,22,Water,0.0
35,23,Water,0.0
35,24,Water,0.0
35,25,Water,0.0
35,26,Water,0.0
35,27,Water,0.0
35,28,Water,0.0
35,29,Water,0.0
35,30,Water,0.0
35,31,Water,0.0
35,32,Water,0.0
35,33,Parks,0.0
35,34,Parks,0.0
35,35,Parks,0.0
35,36,Residential,80.00421228117774
35,37,Residential,140.00737149206103
35,38,Residential,126.67333611186476
35,39,Residential,176.009267018591
35,40,Parks,0.0
35,41,Parks,0.0
35,42,Parks,0.0
35,43,Water,0.0
35,44,Water,0.0
35,45,Water,0.0
35,46,Water,0.0
35,47,Water,0.0
35,48,Parks,0.0
35,49,Parks,0.0
36,0,Water,0.0
36,1,Parks,0.0
36,2,Parks,0.0
36,3,Residential,204.01074131700324
36,4,Residential,197.34372362690505
36,5,Residential,162.6752316383947
36,6,Residential,204.01074131700324
36,7,Commercial,0.0
36,8,Commercial,0.0
36,9,Commercial,0.0
36,10,Residential,114.67270426968808
36,11,Residential,134.67375733998256
36,12,Residential,90.6714405853348
36,13,Residential,150.6745997962181
36,14,Parks,0.0
36,15,Parks,0.0
36,16,Water,0.0
36,17,Water,0.0
36,18,Water,0.0
36,19,Water,0.0
36,20,Water,0.0
36,21,Water,0.0
36,22,Water,0.0
36,23,Water,0.0
36,24,Water,0.0
36,25,Water,0.0
36,26,Water,0.0
36,27,Water,0.0
36,28,Water,0.0
36,29,Water,0.0
36,30,Water,0.0
36,31,Water,0.0
36,32,Water,0.0
36,33,Parks,0.0
36,34,Parks,0.0
36,35,Parks,0.0
36,36,Residential,89.33803704731514
36,37,Residential,176.009267018591
36,38,Residential,224.01179438729767
36,39,Residential,180.00947763264992
36,40,Residential,190.67670593680697
36,41,Parks,0.0
36,42,Parks,0.0
36,43,Parks,0.0
36,44,Parks,0.0
36,45,Parks,0.0
36,46,Parks,0.0
36,47,Parks,0.0
36,48,Parks,0.0
36,49,Residential,228.01200500135664
37,0,Water,0.0
37,1,Parks,0.0
37,2,Parks,0.0
37,3,Residential,172.00905640453212
37,4,Residential,100.00526535147218
37,5,Residential,149.3411962581985
37,6,Residential,189.34330239878727
37,7,Residential,264.0139005278865
37,8,Residential,260.01368991382765
37,9,Residential,228.01200500135664
37,10,Residential,93.33824766137403
37,11,Residential,150.6745997962181
37,12,Residential,218.67818023521914
37,13,Parks,0.0
37,14,Parks,0.0
37,15,Water,0.0
37,16,Water,0.0
37,17,Water,0.0
37,18,Water,0.0
37,19,Water,0.0
37,20,Water,0.0
37,21,Water,0.0
37,22,Water,0.0
37,23,Water,0.0
37,24,Water,0.0
37,25,Water,0.0
37,26,Water,0.0
37,27,Water,0.0
37,28,Water,0.0
37,29,Water,0.0
37,30,Water,0.0
37,31,Water,0.0
37,32,Water,0.0
37,33,Parks,0.0
37,34,Parks,0.0
37,35,Residential,96.00505473741329
37,36,Residential,180.00947763264992
37,37,Residential,165.342038714434
37,38,Residential,101.33866888949177
37,39,Residential,109.33909011760957
37,40,Residential,258.68028637580795
37,41,Residential,93.33824766137403
37,42,Parks,0.0
37,43,Parks,0.0
37,44,Parks,0.0
37,45,Parks,0.0
37,46,Parks,0.0
37,47,Parks,0.0
37,48,Residential,229.34540853937617
37,49,Residential,130.67354672592361
38,0,Water,0.0
38,1,Parks,0.0
38,2,Parks,0.0
38,3,Parks,0.0
38,4,Residential,81.33761581919735
38,5,Residential,234.6790226914547
38,6,Residential,190.67670593680697
38,7,Residential,94.67165119939364
38,8,Residential,248.013058071651
38,9,Residential,198.67712716492468
38,10,Residential,164.0086351764144
38,11,Residential,228.01200500135664
38,12,Parks,0.0
38,13,Parks,0.0
38,14,Water,0.0
38,15,Water,0.0
38,16,Water,0.0
38,17,Water,0.0
38,18,Water,0.0
38,19,Water,0.0
38,20,Water,0.0
38,21,Water,0.0
38,22,Water,0.0
38,23,Water,0.0
38,24,Water,0.0
38,25,Water,0.0
38,26,Water,0.0
38,27,Water,0.0
38,28,Water,0.0
38,29,Water,0.0
38,30,Water,0.0
38,31,Water,0.0
38,32,Parks,0.0
38,33,Parks,0.0
38,34,Parks,0.0
38,35,Residential,120.00631842176661
38,36,Residential,181.3428811706696
38,37,Residential,240.01263684353322
38,38,Residential,250.67986514769024
38,39,Residential,202.67733777898354
38,40,Residential,256.01347929976873
38,41,Residential,97.3384582754329
38,42,Residential,205.34414485502282
38,43,Residential,170.67565286651256
38,44,Residential,165.342038714434
38,45,Residential,198.67712716492468
38,46,Residential,106.6722830415703
38,47,Residential,196.0103200888855
38,48,Residential,209.34435546908173
38,49,Residential,190.67670593680697
39,0,Parks,0.0
39,1,Parks,0.0
39,2,Parks,0.0
39,3,Parks,0.0
39,4,Residential,182.6762847086892
39,5,Residential,248.013058071651
39,6,Residential,248.013058071651
39,7,Residential,164.0086351764144
39,8,Residential,237.34582976749394
39,9,Residential,176.009267018591
39,10,Parks,0.0
39,11,Parks,0.0
39,12,Parks,0.0
39,13,Water,0.0
39,14,Water,0.0
39,15,Water,0.0
39,16,Water,0.0
39,17,Water,0.0
39,18,Water,0.0
39,19,Water,0.0
39,20,Water,0.0
39,21,Water,0.0
39,22,Water,0.0
39,23,Water,0.0
39,24,Water,0.0
39,25,Water,0.0
39,26,Water,0.0
39,27,Water,0.0
39,28,Water,0.0
39,29,Water,0.0
39,30,Water,0.0
39,31,Parks,0.0
39,32,Parks,0.0
39,33,Parks,0.0
39,34,Residential,192.01010947482658
39,35,Residential,136.0071608780021
39,36,Residential,100.00526535147218
39,37,Residential,208.01095193106212
39,38,Residential,185.34309178472841
39,39,Residential,257.3468828377884
39,40,Residential,201.34393424096396
39,41,Residential,189.34330239878727
39,42,Residential,78.67080874315812
39,43,Residential,169.34224932849287
39,44,Residential,190.67670593680697
39,45,Residential,82.671019357217
39,46,Residential,248.013058071651
39,47,Residential,238.6792333055136
39,48,Residential,205.34414485502282
39,49,Residential,94.67165119939364
40,0,Parks,0.0
40,1,Parks,0.0
40,2,Parks,0.0
40,3,Parks,0.0
40,4,Residential,154.674810410277
40,5,Residential,92.00484412335439
40,6,Residential,238.6792333055136
40,7,Residential,90.6714405853348
40,8,Parks,0.0
40,9,Parks,0.0
40,10,Parks,0.0
40,11,Water,0.0
40,12,Water,0.0
40,13,Water,0.0
40,14,Water,0.0
40,15,Water,0.0
40,16,Water,0.0
40,17,Water,0.0
40,18,Water,0.0
40,19,Water,0.0
40,20,Water,0.0
40,21,Water,0.0
40,22,Water,0.0
40,23,Water,0.0
40,24,Water,0.0
40,25,Water,0.0
40,26,Water,0.0
40,27,Water,0.0
40,28,Water,0.0
40,29,Water,0.0
40,30,Parks,0.0
40,31,Parks,0.0
40,32,Residential,100.00526535147218
40,33,Residential,90.6714405853348
40,34,Residential,73.33719459107961
40,35,Residential,198.67712716492468
40,36,Residential,137.34056441602178
40,37,Residential,200.01053070294435
40,38,Residential,221.3449873112584
40,39,Residential,208.01095193106212
40,40,Residential,94.67165119939364
40,41,Residential,74.67059812909925
40,42,Residential,194.6769165508658
40,43,Residential,224.01179438729767
40,44,Residential,209.34435546908173
40,45,Residential,101.33866888949177
40,46,Residential,96.00505473741329
40,47,Residential,69.3369839770207
40,48,Residential,120.00631842176661
40,49,Residential,93.33824766137403
41,0,Parks,0.0
41,1,Parks,0.0
41,2,Residential,256.01347929976873
41,3,Residential,157.34161748631624
41,4,Residential,225.34519792531725
41,5,Residential,81.33761581919735
41,6,Parks,0.0
41,7,Parks,0.0
41,8,Parks,0.0
41,9,Parks,0.0
41,10,Water,0.0
41,11,Water,0.0
41,12,Water,0.0
41,13,Water,0.0
41,14,Water,0.0
41,15,Water,0.0
41,16,Water,0.0
41,17,Water,0.0
41,18,Water,0.0
41,19,Water,0.0
41,20,Water,0.0
41,21,Water,0.0
41,22,Water,0.0
41,23,Water,0.0
41,24,Water,0.0
41,25,Water,0.0
41,26,Water,0.0
41,27,Water,0.0
41,28,Water,0.0
41,29,Parks,0.0
41,30,Parks,0.0
41,31,Residential,181.3428811706696
41,32,Residential,158.67502102433585
41,33,Residential,116.00610780770774
41,34,Residential,118.67291488374697
41,35,Residential,192.01010947482658
41,36,Residential,173.34245994255178
41,37,Residential,193.3435130128462
41,38,Residential,228.01200500135664
41,39,Residential,185.34309178472841
41,40,Residential,214.6779696211603
41,41,Residential,233.34561915343508
41,42,Residential,78.67080874315812
41,43,Residential,226.67860146333692
41,44,Residential,94.67165119939364
41,45,Residential,177.34267055661073
41,46,Residential,66.67017690098145
41,47,Residential,106.6722830415703
41,48,Residential,205.34414485502282
41,49,Residential,144.00758210611986
42,0,Residential,237.34582976749394
42,1,Residential,253.3466722237295
42,2,Residential,252.01326868570985
42,3,Residential,257.3468828377884
42,4,Residential,97.3384582754329
42,5,Parks,0.0
42,6,Parks,0.0
42,7,Parks,0.0
42,8,Parks,0.0
42,9,Water,0.0
42,10,Water,0.0
42,11,Water,0.0
42,12,Water,0.0
42,13,Water,0.0
42,14,Water,0.0
42,15,Water,0.0
42,16,Water,0.0
42,17,Water,0.0
42,18,Water,0.0
42,19,Water,0.0
42,20,Water,0.0
42,21,Water,0.0
42,22,Water,0.0
42,23,Water,0.0
42,24,Water,0.0
42,25,Water,0.0
42,26,Water,0.0
42,27,Water,0.0
42,28,Parks,0.0
42,29,Residential,250.67986514769024
42,30,Residential,248.013058071651
42,31,Residential,197.34372362690505
42,32,Residential,96.00505473741329
42,33,Residential,238.6792333055136
42,34,Residential,166.6754422524536
42,35,Residential,197.34372362690505
42,36,Residential,228.01200500135664
42,37,Residential,230.6788120773958
42,38,Residential,172.00905640453212
42,39,Residential,134.67375733998256
42,40,Commercial,0.0
42,41,Commercial,0.0
42,42,Commercial,0.0
42,43,Commercial,0.0
42,44,Commercial,0.0
42,45,Commercial,0.0
42,46,Commercial,0.0
42,47,Residential,158.67502102433585
42,48,Residential,206.67754839304249
42,49,Residential,146.67438918215922
43,0,Residential,244.01284745759213
43,1,Residential,246.67965453363138
43,2,Residential,158.67502102433585
43,3,Residential,233.34561915343508
43,4,Parks,0.0
43,5,Parks,0.0
43,6,Parks,0.0
43,7,Parks,0.0
43,8,Water,0.0
43,9,Water,0.0
43,10,Water,0.0
43,11,Water,0.0
43,12,Water,0.0
43,13,Water,0.0
43,14,Water,0.0
43,15,Water,0.0
43,16,Water,0.0
43,17,Water,0.0
43,18,Water,0.0
43,19,Water,0.0
43,20,Water,0.0
43,21,Water,0.0
43,22,Water,0.0
43,23,Water,0.0
43,24,Water,0.0
43,25,Water,0.0
43,26,Water,0.0
43,27,Parks,0.0
43,28,Residential,81.33761581919735
43,29,Residential,220.01158377323875
43,30,Residential,117.33951134572735
43,31,Residential,253.3466722237295
43,32,Residential,214.6779696211603
43,33,Residential,236.01242622947436
43,34,Residential,216.01137315917987
43,35,Residential,145.34098564413958
43,36,Residential,122.67312549780584
43,37,Residential,213.3445660831406
43,38,Residential,145.34098564413958
43,39,Commercial,0.0
43,40,Commercial,0.0
43,41,Commercial,0.0
43,42,Commercial,0.0
43,43,Commercial,0.0
43,44,Commercial,0.0
43,45,Commercial,0.0
43,46,Commercial,0.0
43,47,Commercial,0.0
43,48,Residential,158.67502102433585
43,49,Residential,178.67607409463028
44,0,Residential,78.67080874315812
44,1,Residential,97.3384582754329
44,2,Residential,108.00568657958993
44,3,Residential,136.0071608780021
44,4,Parks,0.0
44,5,Parks,0.0
44,6,Parks,0.0
44,7,Water,0.0
44,8,Water,0.0
44,9,Water,0.0
44,10,Water,0.0
44,11,Water,0.0
44,12,Water,0.0
44,13,Water,0.0
44,14,Water,0.0
44,15,Water,0.0
44,16,Water,0.0
44,17,Water,0.0
44,18,Water,0.0
44,19,Water,0.0
44,20,Water,0.0
44,21,Water,0.0
44,22,Water,0.0
44,23,Water,0.0
44,24,Water,0.0
44,25,Water,0.0
44,26,Parks,0.0
44,27,Residential,257.3468828377884
44,28,Residential,122.67312549780584
44,29,Residential,260.01368991382765
44,30,Residential,104.00547596553106
44,31,Residential,186.67649532274805
44,32,Residential,176.009267018591
44,33,Residential,250.67986514769024
44,34,Residential,182.6762847086892
44,35,Residential,230.6788120773958
44,36,Residential,253.3466722237295
44,37,Residential,176.009267018591
44,38,Residential,94.67165119939364
44,39,Commercial,0.0
44,40,Commercial,0.0
44,41,Commercial,0.0
44,42,Commercial,0.0
44,43,Commercial,0.0
44,44,Commercial,0.0
44,45,Commercial,0.0
44,46,Commercial,0.0
44,47,Residential,105.33887950355069
44,48,Residential,130.67354672592361
44,49,Residential,186.67649532274805
45,0,Residential,134.67375733998256
45,1,Residential,189.34330239878727
45,2,Residential,148.00779272017883
45,3,Residential,192.01010947482658
45,4,Parks,0.0
45,5,Parks,0.0
45,6,Water,0.0
45,7,Water,0.0
45,8,Water,0.0
45,9,Water,0.0
45,10,Water,0.0
45,11,Water,0.0
45,12,Water,0.0
45,13,Water,0.0
45,14,Water,0.0
45,15,Water,0.0
45,16,Water,0.0
45,17,Water,0.0
45,18,Water,0.0
45,19,Water,0.0
45,20,Water,0.0
45,21,Water,0.0
45,22,Water,0.0
45,23,Water,0.0
45,24,Water,0.0
45,25,Parks,0.0
45,26,Parks,0.0
45,27,Residential,102.67207242751141
45,28,Residential,228.01200500135664
45,29,Residential,148.00779272017883
45,30,Residential,254.68007576174915
45,31,Residential,148.00779272017883
45,32,Residential,238.6792333055136
45,33,Residential,72.00379105305993
45,34,Residential,176.009267018591
45,35,Residential,150.6745997962181
45,36,Residential,224.01179438729767
45,37,Residential,204.01074131700324
45,38,Residential,176.009267018591
45,39,Residential,136.0071608780021
45,40,Commercial,0.0
45,41,Commercial,0.0
45,42,Commercial,0.0
45,43,Commercial,0.0
45,44,Commercial,0.0
45,45,Commercial,0.0
45,46,Commercial,0.0
45,47,Residential,144.00758210611986
45,48,Residential,186.67649532274805
45,49,Residential,141.34077503008064
46,0,Residential,170.67565286651256
46,1,Residential,68.00358043900106
46,2,Residential,156.0082139482966
46,3,Parks,0.0
46,4,Parks,0.0
46,5,Water,0.0
46,6,Water,0.0
46,7,Water,0.0
46,8,Water,0.0
46,9,Water,0.0
46,10,Water,0.0
46,11,Water,0.0
46,12,Water,0.0
46,13,Water,0.0
46,14,Water,0.0
46,15,Water,0.0
46,16,Water,0.0
46,17,Water,0.0
46,18,Water,0.0
46,19,Water,0.0
46,20,Water,0.0
46,21,Water,0.0
46,22,Water,0.0
46,23,Water,0.0
46,24,Parks,0.0
46,25,Parks,0.0
46,26,Residential,122.67312549780584
46,27,Residential,117.33951134572735
46,28,Residential,212.01116254512098
46,29,Residential,98.67186181345252
46,30,Residential,106.6722830415703
46,31,Residential,232.01221561541547
46,32,Residential,109.33909011760957
46,33,Residential,129.34014318790398
46,34,Residential,258.68028637580795
46,35,Residential,80.00421228117774
46,36,Residential,209.34435546908173
46,37,Residential,257.3468828377884
46,38,Residential,72.00379105305993
46,39,Residential,116.00610780770774
46,40,Residential,214.6779696211603
46,41,Residential,134.67375733998256
46,42,Commercial,0.0
46,43,Commercial,0.0
46,44,Commercial,0.0
46,45,Commercial,0.0
46,46,Residential,190.67670593680697
46,47,Residential,253.3466722237295
46,48,Residential,237.34582976749394
46,49,Residential,241.34604038155288
47,0,Residential,261.34709345184723
47,1,Residential,233.34561915343508
47,2,Parks,0.0
47,3,Parks,0.0
47,4,Parks,0.0
47,5,Water,0.0
47,6,Water,0.0
47,7,Water,0.0
47,8,Water,0.0
47,9,Water,0.0
47,10,Water,0.0
47,11,Water,0.0
47,12,Water,0.0
47,13,Water,0.0
47,14,Water,0.0
47,15,Water,0.0
47,16,Water,0.0
47,17,Water,0.0
47,18,Water,0.0
47,19,Water,0.0
47,20,Water,0.0
47,21,Water,0.0
47,22,Water,0.0
47,23,Parks,0.0
47,24,Parks,0.0
47,25,Parks,0.0
47,26,Residential,112.00589719364883
47,27,Residential,189.34330239878727
47,28,Residential,193.3435130128462
47,29,Residential,96.00505473741329
47,30,Residential,149.3411962581985
47,31,Residential,206.67754839304249
47,32,Residential,125.33993257384512
47,33,Residential,234.6790226914547
47,34,Residential,213.3445660831406
47,35,Residential,90.6714405853348
47,36,Residential,218.67818023521914
47,37,Residential,77.3374052051385
47,38,Residential,162.6752316383947
47,39,Residential,216.01137315917987
47,40,Residential,197.34372362690505
47,41,Residential,152.0080033342377
47,42,Residential,193.3435130128462
47,43,Commercial,0.0
47,44,Commercial,0.0
47,45,Commercial,0.0
47,46,Residential,112.00589719364883
47,47,Residential,130.67354672592361
47,48,Residential,216.01137315917987
47,49,Residential,124.0065290358255
48,0,Residential,264.0139005278865
48,1,Residential,170.67565286651256
48,2,Parks,0.0
48,3,Parks,0.0
48,4,Water,0.0
48,5,Water,0.0
48,6,Water,0.0
48,7,Water,0.0
48,8,Water,0.0
48,9,Water,0.0
48,10,Water,0.0
48,11,Water,0.0
48,12,Water,0.0
48,13,Water,0.0
48,14,Water,0.0
48,15,Water,0.0
48,16,Water,0.0
48,17,Water,0.0
48,18,Water,0.0
48,19,Water,0.0
48,20,Water,0.0
48,21,Water,0.0
48,22,Parks,0.0
48,23,Parks,0.0
48,24,Parks,0.0
48,25,Residential,220.01158377323875
48,26,Residential,80.00421228117774
48,27,Residential,204.01074131700324
48,28,Residential,213.3445660831406
48,29,Residential,188.00989886076772
48,30,Residential,120.00631842176661
48,31,Residential,90.6714405853348
48,32,Residential,108.00568657958993
48,33,Residential,156.0082139482966
48,34,Residential,204.01074131700324
48,35,Residential,192.01010947482658
48,36,Residential,152.0080033342377
48,37,Residential,192.01010947482658
48,38,Residential,132.00695026394325
48,39,Residential,117.33951134572735
48,40,Residential,158.67502102433585
48,41,Residential,141.34077503008064
48,42,Residential,221.3449873112584
48,43,Residential,182.6762847086892
48,44,Residential,222.67839084927803
48,45,Residential,141.34077503008064
48,46,Residential,258.68028637580795
48,47,Residential,238.6792333055136
48,48,Residential,232.01221561541547
48,49,Residential,150.6745997962181
49,0,Residential,230.6788120773958
49,1,Parks,0.0
49,2,Parks,0.0
49,3,Water,0.0
49,4,Water,0.0
49,5,Water,0.0
49,6,Water,0.0
49,7,Water,0.0
49,8,Water,0.0
49,9,Water,0.0
49,10,Water,0.0
49,11,Water,0.0
49,12,Water,0.0
49,13,Water,0.0
49,14,Parks,0.0
49,15,Parks,0.0
49,16,Parks,0.0
49,17,Water,0.0
49,18,Water,0.0
49,19,Water,0.0
49,20,Parks,0.0
49,21,Parks,0.0
49,22,Parks,0.0
49,23,Parks,0.0
49,24,Parks,0.0
49,25,Residential,193.3435130128462
49,26,Residential,208.01095193106212
49,27,Residential,70.67038751504032
49,28,Residential,77.3374052051385
49,29,Residential,124.0065290358255
49,30,Residential,130.67354672592361
49,31,Residential,96.00505473741329
49,32,Residential,220.01158377323875
49,33,Residential,90.6714405853348
49,34,Parks,0.0
49,35,Parks,0.0
49,36,Parks,0.0
49,37,Parks,0.0
49,38,Parks,0.0
49,39,Residential,205.34414485502282
49,40,Residential,76.00400166711886
49,41,Residential,148.00779272017883
49,42,Residential,166.6754422524536
49,43,Residential,120.00631842176661
49,44,Residential,208.01095193106212
49,45,Residential,84.00442289523664
49,46,Residential,262.68049698986687
49,47,Residential,244.01284745759213
49,48,Residential,92.00484412335439
49,49,Residential,201.34393424096396
